<archive xmlns="http://rs.tdwg.org/dwc/text/" metadata="eml.xml">
  <core encoding="UTF-8" fieldsTerminatedBy="\t" linesTerminatedBy="\n" fieldsEnclosedBy="" ignoreHeaderLines="1" rowType="http://rs.tdwg.org/dwc/terms/Occurrence">
    <files>
      <location>occurrence.txt</location>
    </files>
    <id index="0" />
    <field index="1" term="http://purl.org/dc/terms/type"/>
    <field index="2" term="http://purl.org/dc/terms/modified"/>
    <field index="3" term="http://purl.org/dc/terms/language"/>
    <field index="4" term="http://purl.org/dc/terms/license"/>
    <field index="5" term="http://purl.org/dc/terms/rightsHolder"/>
    <field index="6" term="http://purl.org/dc/terms/accessRights"/>
    <field index="7" term="http://purl.org/dc/terms/bibliographicCitation"/>
    <field index="8" term="http://purl.org/dc/terms/references"/>
    <field index="9" term="http://rs.tdwg.org/dwc/terms/institutionID"/>
    <field index="10" term="http://rs.tdwg.org/dwc/terms/collectionID"/>
    <field index="11" term="http://rs.tdwg.org/dwc/terms/datasetID"/>
    <field index="12" term="http://rs.tdwg.org/dwc/terms/institutionCode"/>
    <field index="13" term="http://rs.tdwg.org/dwc/terms/collectionCode"/>
    <field index="14" term="http://rs.tdwg.org/dwc/terms/datasetName"/>
    <field index="15" term="http://rs.tdwg.org/dwc/terms/ownerInstitutionCode"/>
    <field index="16" term="http://rs.tdwg.org/dwc/terms/basisOfRecord"/>
    <field index="17" term="http://rs.tdwg.org/dwc/terms/informationWithheld"/>
    <field index="18" term="http://rs.tdwg.org/dwc/terms/dataGeneralizations"/>
    <field index="19" term="http://rs.tdwg.org/dwc/terms/dynamicProperties"/>
    <field index="20" term="http://rs.tdwg.org/dwc/terms/occurrenceID"/>
    <field index="21" term="http://rs.tdwg.org/dwc/terms/catalogNumber"/>
    <field index="22" term="http://rs.tdwg.org/dwc/terms/occurrenceRemarks"/>
    <field index="23" term="http://rs.tdwg.org/dwc/terms/recordNumber"/>
    <field index="24" term="http://rs.tdwg.org/dwc/terms/recordedBy"/>
    <field index="25" term="http://rs.tdwg.org/dwc/terms/individualCount"/>
    <field index="26" term="http://rs.tdwg.org/dwc/terms/sex"/>
    <field index="27" term="http://rs.tdwg.org/dwc/terms/lifeStage"/>
    <field index="28" term="http://rs.tdwg.org/dwc/terms/reproductiveCondition"/>
    <field index="29" term="http://rs.tdwg.org/dwc/terms/behavior"/>
    <field index="30" term="http://rs.tdwg.org/dwc/terms/establishmentMeans"/>
    <field index="31" term="http://rs.tdwg.org/dwc/terms/occurrenceStatus"/>
    <field index="32" term="http://rs.tdwg.org/dwc/terms/preparations"/>
    <field index="33" term="http://rs.tdwg.org/dwc/terms/disposition"/>
    <field index="34" term="http://rs.tdwg.org/dwc/terms/otherCatalogNumbers"/>
    <field index="35" term="http://rs.tdwg.org/dwc/terms/associatedMedia"/>
    <field index="36" term="http://rs.tdwg.org/dwc/terms/associatedReferences"/>
    <field index="37" term="http://rs.tdwg.org/dwc/terms/associatedSequences"/>
    <field index="38" term="http://rs.tdwg.org/dwc/terms/associatedTaxa"/>
    <field index="39" term="http://rs.tdwg.org/dwc/terms/organismID"/>
    <field index="40" term="http://rs.tdwg.org/dwc/terms/associatedOccurrences"/>
    <field index="41" term="http://rs.tdwg.org/dwc/terms/previousIdentifications"/>
    <field index="42" term="http://rs.tdwg.org/dwc/terms/eventID"/>
    <field index="43" term="http://rs.tdwg.org/dwc/terms/samplingProtocol"/>
    <field index="44" term="http://rs.tdwg.org/dwc/terms/samplingEffort"/>
    <field index="45" term="http://rs.tdwg.org/dwc/terms/eventDate"/>
    <field index="46" term="http://rs.tdwg.org/dwc/terms/eventTime"/>
    <field index="47" term="http://rs.tdwg.org/dwc/terms/startDayOfYear"/>
    <field index="48" term="http://rs.tdwg.org/dwc/terms/endDayOfYear"/>
    <field index="49" term="http://rs.tdwg.org/dwc/terms/year"/>
    <field index="50" term="http://rs.tdwg.org/dwc/terms/month"/>
    <field index="51" term="http://rs.tdwg.org/dwc/terms/day"/>
    <field index="52" term="http://rs.tdwg.org/dwc/terms/verbatimEventDate"/>
    <field index="53" term="http://rs.tdwg.org/dwc/terms/habitat"/>
    <field index="54" term="http://rs.tdwg.org/dwc/terms/fieldNumber"/>
    <field index="55" term="http://rs.tdwg.org/dwc/terms/fieldNotes"/>
    <field index="56" term="http://rs.tdwg.org/dwc/terms/eventRemarks"/>
    <field index="57" term="http://rs.tdwg.org/dwc/terms/locationID"/>
    <field index="58" term="http://rs.tdwg.org/dwc/terms/higherGeographyID"/>
    <field index="59" term="http://rs.tdwg.org/dwc/terms/higherGeography"/>
    <field index="60" term="http://rs.tdwg.org/dwc/terms/continent"/>
    <field index="61" term="http://rs.tdwg.org/dwc/terms/waterBody"/>
    <field index="62" term="http://rs.tdwg.org/dwc/terms/islandGroup"/>
    <field index="63" term="http://rs.tdwg.org/dwc/terms/island"/>
    <field index="64" term="http://rs.tdwg.org/dwc/terms/country"/>
    <field index="65" term="http://rs.tdwg.org/dwc/terms/countryCode"/>
    <field index="66" term="http://rs.tdwg.org/dwc/terms/stateProvince"/>
    <field index="67" term="http://rs.tdwg.org/dwc/terms/county"/>
    <field index="68" term="http://rs.tdwg.org/dwc/terms/municipality"/>
    <field index="69" term="http://rs.tdwg.org/dwc/terms/locality"/>
    <field index="70" term="http://rs.tdwg.org/dwc/terms/verbatimLocality"/>
    <field index="71" term="http://rs.tdwg.org/dwc/terms/verbatimElevation"/>
    <field index="72" term="http://rs.tdwg.org/dwc/terms/minimumElevationInMeters"/>
    <field index="73" term="http://rs.tdwg.org/dwc/terms/maximumElevationInMeters"/>
    <field index="74" term="http://rs.tdwg.org/dwc/terms/verbatimDepth"/>
    <field index="75" term="http://rs.tdwg.org/dwc/terms/minimumDepthInMeters"/>
    <field index="76" term="http://rs.tdwg.org/dwc/terms/maximumDepthInMeters"/>
    <field index="77" term="http://rs.tdwg.org/dwc/terms/minimumDistanceAboveSurfaceInMeters"/>
    <field index="78" term="http://rs.tdwg.org/dwc/terms/maximumDistanceAboveSurfaceInMeters"/>
    <field index="79" term="http://rs.tdwg.org/dwc/terms/locationAccordingTo"/>
    <field index="80" term="http://rs.tdwg.org/dwc/terms/locationRemarks"/>
    <field index="81" term="http://rs.tdwg.org/dwc/terms/verbatimCoordinates"/>
    <field index="82" term="http://rs.tdwg.org/dwc/terms/verbatimLatitude"/>
    <field index="83" term="http://rs.tdwg.org/dwc/terms/verbatimLongitude"/>
    <field index="84" term="http://rs.tdwg.org/dwc/terms/verbatimCoordinateSystem"/>
    <field index="85" term="http://rs.tdwg.org/dwc/terms/verbatimSRS"/>
    <field index="86" term="http://rs.tdwg.org/dwc/terms/decimalLatitude"/>
    <field index="87" term="http://rs.tdwg.org/dwc/terms/decimalLongitude"/>
    <field index="88" term="http://rs.tdwg.org/dwc/terms/geodeticDatum"/>
    <field index="89" term="http://rs.tdwg.org/dwc/terms/coordinateUncertaintyInMeters"/>
    <field index="90" term="http://rs.tdwg.org/dwc/terms/coordinatePrecision"/>
    <field index="91" term="http://rs.tdwg.org/dwc/terms/pointRadiusSpatialFit"/>
    <field index="92" term="http://rs.tdwg.org/dwc/terms/footprintWKT"/>
    <field index="93" term="http://rs.tdwg.org/dwc/terms/footprintSRS"/>
    <field index="94" term="http://rs.tdwg.org/dwc/terms/footprintSpatialFit"/>
    <field index="95" term="http://rs.tdwg.org/dwc/terms/georeferencedBy"/>
    <field index="96" term="http://rs.tdwg.org/dwc/terms/georeferencedDate"/>
    <field index="97" term="http://rs.tdwg.org/dwc/terms/georeferenceProtocol"/>
    <field index="98" term="http://rs.tdwg.org/dwc/terms/georeferenceSources"/>
    <field index="99" term="http://rs.tdwg.org/dwc/terms/georeferenceVerificationStatus"/>
    <field index="100" term="http://rs.tdwg.org/dwc/terms/georeferenceRemarks"/>
    <field index="101" term="http://rs.tdwg.org/dwc/terms/geologicalContextID"/>
    <field index="102" term="http://rs.tdwg.org/dwc/terms/earliestEonOrLowestEonothem"/>
    <field index="103" term="http://rs.tdwg.org/dwc/terms/latestEonOrHighestEonothem"/>
    <field index="104" term="http://rs.tdwg.org/dwc/terms/earliestEraOrLowestErathem"/>
    <field index="105" term="http://rs.tdwg.org/dwc/terms/latestEraOrHighestErathem"/>
    <field index="106" term="http://rs.tdwg.org/dwc/terms/earliestPeriodOrLowestSystem"/>
    <field index="107" term="http://rs.tdwg.org/dwc/terms/latestPeriodOrHighestSystem"/>
    <field index="108" term="http://rs.tdwg.org/dwc/terms/earliestEpochOrLowestSeries"/>
    <field index="109" term="http://rs.tdwg.org/dwc/terms/latestEpochOrHighestSeries"/>
    <field index="110" term="http://rs.tdwg.org/dwc/terms/earliestAgeOrLowestStage"/>
    <field index="111" term="http://rs.tdwg.org/dwc/terms/latestAgeOrHighestStage"/>
    <field index="112" term="http://rs.tdwg.org/dwc/terms/lowestBiostratigraphicZone"/>
    <field index="113" term="http://rs.tdwg.org/dwc/terms/highestBiostratigraphicZone"/>
    <field index="114" term="http://rs.tdwg.org/dwc/terms/lithostratigraphicTerms"/>
    <field index="115" term="http://rs.tdwg.org/dwc/terms/group"/>
    <field index="116" term="http://rs.tdwg.org/dwc/terms/formation"/>
    <field index="117" term="http://rs.tdwg.org/dwc/terms/member"/>
    <field index="118" term="http://rs.tdwg.org/dwc/terms/bed"/>
    <field index="119" term="http://rs.tdwg.org/dwc/terms/identificationID"/>
    <field index="120" term="http://rs.tdwg.org/dwc/terms/identifiedBy"/>
    <field index="121" term="http://rs.tdwg.org/dwc/terms/dateIdentified"/>
    <field index="122" term="http://rs.tdwg.org/dwc/terms/identificationReferences"/>
    <field index="123" term="http://rs.tdwg.org/dwc/terms/identificationRemarks"/>
    <field index="124" term="http://rs.tdwg.org/dwc/terms/identificationQualifier"/>
    <field index="125" term="http://rs.tdwg.org/dwc/terms/identificationVerificationStatus"/>
    <field index="126" term="http://rs.tdwg.org/dwc/terms/typeStatus"/>
    <field index="127" term="http://rs.tdwg.org/dwc/terms/taxonID"/>
    <field index="128" term="http://rs.tdwg.org/dwc/terms/scientificNameID"/>
    <field index="129" term="http://rs.tdwg.org/dwc/terms/acceptedNameUsageID"/>
    <field index="130" term="http://rs.tdwg.org/dwc/terms/parentNameUsageID"/>
    <field index="131" term="http://rs.tdwg.org/dwc/terms/originalNameUsageID"/>
    <field index="132" term="http://rs.tdwg.org/dwc/terms/nameAccordingToID"/>
    <field index="133" term="http://rs.tdwg.org/dwc/terms/namePublishedInID"/>
    <field index="134" term="http://rs.tdwg.org/dwc/terms/taxonConceptID"/>
    <field index="135" term="http://rs.tdwg.org/dwc/terms/scientificName"/>
    <field index="136" term="http://rs.tdwg.org/dwc/terms/acceptedNameUsage"/>
    <field index="137" term="http://rs.tdwg.org/dwc/terms/parentNameUsage"/>
    <field index="138" term="http://rs.tdwg.org/dwc/terms/originalNameUsage"/>
    <field index="139" term="http://rs.tdwg.org/dwc/terms/nameAccordingTo"/>
    <field index="140" term="http://rs.tdwg.org/dwc/terms/namePublishedIn"/>
    <field index="141" term="http://rs.tdwg.org/dwc/terms/namePublishedInYear"/>
    <field index="142" term="http://rs.tdwg.org/dwc/terms/higherClassification"/>
    <field index="143" term="http://rs.tdwg.org/dwc/terms/kingdom"/>
    <field index="144" term="http://rs.tdwg.org/dwc/terms/phylum"/>
    <field index="145" term="http://rs.tdwg.org/dwc/terms/class"/>
    <field index="146" term="http://rs.tdwg.org/dwc/terms/order"/>
    <field index="147" term="http://rs.tdwg.org/dwc/terms/family"/>
    <field index="148" term="http://rs.tdwg.org/dwc/terms/genus"/>
    <field index="149" term="http://rs.tdwg.org/dwc/terms/subgenus"/>
    <field index="150" term="http://rs.tdwg.org/dwc/terms/specificEpithet"/>
    <field index="151" term="http://rs.tdwg.org/dwc/terms/infraspecificEpithet"/>
    <field index="152" term="http://rs.tdwg.org/dwc/terms/taxonRank"/>
    <field index="153" term="http://rs.tdwg.org/dwc/terms/verbatimTaxonRank"/>
    <field index="154" term="http://rs.tdwg.org/dwc/terms/scientificNameAuthorship"/>
    <field index="155" term="http://rs.tdwg.org/dwc/terms/vernacularName"/>
    <field index="156" term="http://rs.tdwg.org/dwc/terms/nomenclaturalCode"/>
    <field index="157" term="http://rs.tdwg.org/dwc/terms/taxonomicStatus"/>
    <field index="158" term="http://rs.tdwg.org/dwc/terms/nomenclaturalStatus"/>
    <field index="159" term="http://rs.tdwg.org/dwc/terms/taxonRemarks"/>
  </core>
</archive>
