<archive xmlns="http://rs.tdwg.org/dwc/text/" metadata="eml.xml">
  <core encoding="UTF-8" fieldsTerminatedBy="\t" linesTerminatedBy="\n" fieldsEnclosedBy="" ignoreHeaderLines="1" rowType="http://rs.tdwg.org/dwc/terms/Occurrence">
    <files>
      <location>occurrence.txt</location>
    </files>
    <id index="0" />
    <field index="1" term="http://rs.tdwg.org/dwc/terms/institutionCode"/>
    <field index="2" term="http://rs.tdwg.org/dwc/terms/collectionCode"/>
    <field index="3" term="http://rs.tdwg.org/dwc/terms/basisOfRecord"/>
    <field index="4" term="http://rs.tdwg.org/dwc/terms/materialSampleID"/>
    <field index="5" term="http://rs.tdwg.org/dwc/terms/occurrenceID"/>
    <field index="6" term="http://rs.tdwg.org/dwc/terms/catalogNumber"/>
    <field index="7" term="http://rs.tdwg.org/dwc/terms/recordNumber"/>
    <field index="8" term="http://rs.tdwg.org/dwc/terms/recordedBy"/>
    <field index="9" term="http://rs.tdwg.org/dwc/terms/eventDate"/>
    <field index="10" term="http://rs.tdwg.org/dwc/terms/country"/>
    <field index="11" term="http://rs.tdwg.org/dwc/terms/countryCode"/>
    <field index="12" term="http://rs.tdwg.org/dwc/terms/stateProvince"/>
    <field index="13" term="http://rs.tdwg.org/dwc/terms/county"/>
    <field index="14" term="http://rs.tdwg.org/dwc/terms/locality"/>
    <field index="15" term="http://rs.tdwg.org/dwc/terms/minimumElevationInMeters"/>
    <field index="16" term="http://rs.tdwg.org/dwc/terms/decimalLatitude"/>
    <field index="17" term="http://rs.tdwg.org/dwc/terms/decimalLongitude"/>
    <field index="18" term="http://rs.tdwg.org/dwc/terms/scientificName"/>
    <field index="19" term="http://rs.tdwg.org/dwc/terms/family"/>
    <field index="20" term="http://rs.tdwg.org/dwc/terms/genus"/>
    <field index="21" term="http://rs.tdwg.org/dwc/terms/specificEpithet"/>
    <field index="22" term="http://rs.tdwg.org/dwc/terms/taxonRank"/>
  </core>
  <extension encoding="UTF-8" fieldsTerminatedBy="\t" linesTerminatedBy="\n" fieldsEnclosedBy="" ignoreHeaderLines="1" rowType="http://rs.tdwg.org/dwc/terms/MeasurementOrFact">
    <files>
      <location>measurementorfact.txt</location>
    </files>
    <coreid index="0" />
    <field index="1" term="http://rs.tdwg.org/dwc/terms/measurementID"/>
    <field index="2" term="http://rs.tdwg.org/dwc/terms/measurementType"/>
    <field index="3" term="http://rs.tdwg.org/dwc/terms/measurementValue"/>
    <field index="4" term="http://rs.tdwg.org/dwc/terms/measurementUnit"/>
    <field index="5" term="http://rs.tdwg.org/dwc/terms/measurementDeterminedDate"/>
    <field index="6" term="http://rs.tdwg.org/dwc/terms/measurementDeterminedBy"/>
    <field index="7" term="http://rs.tdwg.org/dwc/terms/measurementMethod"/>
    <field index="8" term="http://rs.tdwg.org/dwc/terms/measurementRemarks"/>
  </extension>
  <extension encoding="UTF-8" fieldsTerminatedBy="\t" linesTerminatedBy="\n" fieldsEnclosedBy="" ignoreHeaderLines="1" rowType="http://data.ggbn.org/schemas/ggbn/terms/Preservation">
    <files>
      <location>preservation.txt</location>
    </files>
    <coreid index="0" />
    <field index="1" term="http://data.ggbn.org/schemas/ggbn/terms/preservationType"/>
  </extension>
  <extension encoding="UTF-8" fieldsTerminatedBy="\t" linesTerminatedBy="\n" fieldsEnclosedBy="" ignoreHeaderLines="1" rowType="http://data.ggbn.org/schemas/ggbn/terms/Permit">
    <files>
      <location>permit.txt</location>
    </files>
    <coreid index="0" />
    <field index="1" term="http://data.ggbn.org/schemas/ggbn/terms/permitType"/>
    <field index="2" term="http://data.ggbn.org/schemas/ggbn/terms/permitStatus"/>
    <field index="3" term="http://data.ggbn.org/schemas/ggbn/terms/permitStatusQualifier"/>
    <field index="4" term="http://data.ggbn.org/schemas/ggbn/terms/permitText"/>
  </extension>
  <extension encoding="UTF-8" fieldsTerminatedBy="\t" linesTerminatedBy="\n" fieldsEnclosedBy="" ignoreHeaderLines="1" rowType="http://data.ggbn.org/schemas/ggbn/terms/MaterialSample">
    <files>
      <location>materialsample.txt</location>
    </files>
    <coreid index="0" />
    <field index="1" term="http://data.ggbn.org/schemas/ggbn/terms/materialSampleType"/>
  </extension>
  <extension encoding="UTF-8" fieldsTerminatedBy="\t" linesTerminatedBy="\n" fieldsEnclosedBy="" ignoreHeaderLines="1" rowType="http://data.ggbn.org/schemas/ggbn/terms/Preparation">
    <files>
      <location>preparation.txt</location>
    </files>
    <coreid index="0" />
    <field index="1" term="http://data.ggbn.org/schemas/ggbn/terms/preparationType"/>
    <field index="2" term="http://data.ggbn.org/schemas/ggbn/terms/preparationDate"/>
  </extension>
  <extension encoding="UTF-8" fieldsTerminatedBy="\t" linesTerminatedBy="\n" fieldsEnclosedBy="" ignoreHeaderLines="1" rowType="http://rs.tdwg.org/dwc/terms/ResourceRelationship">
    <files>
      <location>resourcerelationship.txt</location>
    </files>
    <coreid index="0" />
    <field index="1" term="http://rs.tdwg.org/dwc/terms/resourceRelationshipID"/>
    <field index="2" term="http://rs.tdwg.org/dwc/terms/relatedResourceID"/>
    <field index="3" term="http://rs.tdwg.org/dwc/terms/relationshipOfResource"/>
    <field index="4" term="http://rs.tdwg.org/dwc/terms/relationshipRemarks"/>
    <field index="5" term="http://rs.tdwg.org/dwc/terms/scientificName"/>
  </extension>
</archive>
